,Period,LST_MIN,LST_MAX,LST_MEAN,LST_MEDIAN,NDVI_MIN,NDVI_MAX,NDVI_MEAN,NDVI_MEDIAN,NDVI_LST_CORR
0,2019-2021 March - August,16.026519775390625,44.649017333984375,32.970905349915284,36.41998291015625,0.13309097,0.43252257,0.23820450048192768,0.21847118,-0.5442297543930265
1,2019 March - May,16.026519775390625,30.31134033203125,24.858858380998885,25.499710083007812,0.18279155,0.43252257,0.2893055328571429,0.274400695,-0.0867386211811445
2,2019 June - August,36.37612915039063,44.649017333984375,40.99493408203125,41.48660278320313,0.20251727,0.24582781,0.22251076923076923,0.22475173,-0.5428190935305275
3,2020 March - May,16.0548095703125,38.314697265625,26.887504069010415,24.22216796875,0.13309097,0.3571816,0.2616554853333334,0.26467112,0.021512801542843178
4,2020 June - August,35.850128173828125,42.772796630859375,39.46107046944754,39.738311767578125,0.17516726,0.21847118,0.19915819357142858,0.19830883,0.2049494998363819
5,2021 March - May,18.477508544921875,39.82937622070313,28.918673197428387,29.874496459960938,0.1835518,0.3422435,0.2579477283333333,0.241695765,-0.6675308045873672
6,2021 June - August,18.477508544921875,39.82937622070313,28.918673197428387,29.874496459960938,0.1835518,0.3422435,0.2579477283333333,0.241695765,-0.6675308045873672
