,Period,LST_MEAN_WEST,LST_MEAN_EAST,NDVI_WEST,NDVI_EAST,SUHI_MEAN,SUHI_MAX
0,2019-2021 March - August,32.58322658309017,33.63949989410768,0.26144729903614455,0.22174915891566255,1.0562733110175075,8.403533935546875
1,2019 March - May,24.356454031808035,25.326851981026785,0.31896178428571426,0.2674844942857143,0.97039794921875,7.6527099609375
2,2019 June - August,40.60096153846154,41.873006967397835,0.24286504615384613,0.20771296384615384,1.2720454289362981,5.941497802734375
3,2020 March - May,26.607035319010418,27.276127115885416,0.29282177266666665,0.23844692066666665,0.669091796875,0.9929269133054281
4,2020 June - August,39.01990836007254,40.24155752999442,0.21941147357142857,0.18790254642857146,1.221649169921875,8.403533935546875
5,2021 March - May,28.579722086588543,29.33294169108073,0.2788079291666667,0.24193637666666667,0.7532196044921875,7.736419677734375
6,2021 June - August,28.579722086588543,29.33294169108073,0.2788079291666667,0.24193637666666667,0.7532196044921875,7.736419677734375
