,Period,LST_MIN,LST_MAX,LST_MEAN,LST_MEDIAN,NDVI_MIN,NDVI_MAX,NDVI_MEAN,NDVI_MEDIAN,NDVI_LST_CORR
0,2019-2021 March - August,-272.8669090270996,-272.5674774348736,-272.7338975928724,-272.7708276808262,0.13309097,0.43252257,0.266102405,0.22917231500000002,0.9999999999999999
1,2019 March - May,-272.62892332673067,-272.5674774348736,-272.59820038080215,-272.59820038080215,0.37107667,0.43252257,0.40179962,0.40179962,1.0
2,2019 June - August,-272.77524827420706,-272.7724665850401,-272.7738574296236,-272.7738574296236,0.22475173,0.22753341,0.22614257,0.22614257,0.9999999999999999
3,2020 March - May,-272.8669090270996,-272.76918877661234,-272.81804890185595,-272.81804890185595,0.13309097,0.23081122,0.181951095,0.181951095,1.0
4,2020 June - August,-272.8148769289255,-272.8148769289255,-272.8148769289255,-272.8148769289255,0.18512307,0.18512307,0.18512307,0.18512307,
5,2021 March - May,-272.67609038949007,-272.67609038949007,-272.67609038949007,-272.67609038949007,0.32390959999999996,0.32390959999999996,0.32390959999999996,0.32390959999999996,
6,2021 June - August,-272.67609038949007,-272.67609038949007,-272.67609038949007,-272.67609038949007,0.32390959999999996,0.32390959999999996,0.32390959999999996,0.32390959999999996,
