,Period,LST_MEAN_WEST,LST_MEAN_EAST,NDVI_WEST,NDVI_EAST,SUHI_MEAN,Urban_Rural_CORR_LST
0,2019-2021 March - August,32.00930878610322,33.07774769176137,0.27037392348484846,0.2281922740909091,1.068438905658144,0.9902219880481381
1,2019 March - May,24.860933939615887,25.886454264322918,0.3254003308333333,0.2721427766666667,1.0255203247070312,0.9565539275159491
2,2019 June - August,40.60096153846154,41.873006967397835,0.24286504615384613,0.20771296384615384,1.2720454289362981,0.9797505080193639
3,2020 March - May,26.835521153041295,27.449691772460938,0.2934990585714286,0.23760559714285714,0.6141706194196429,0.993590370487489
4,2020 June - August,39.01990836007254,40.24155752999442,0.21941147357142857,0.18790254642857143,1.221649169921875,0.9382903787245835
5,2021 March - May,28.579722086588543,29.33294169108073,0.2788079291666667,0.24193637666666667,0.7532196044921875,0.9953744450747413
6,2021 June - August,28.579722086588543,29.33294169108073,0.2788079291666667,0.24193637666666667,0.7532196044921875,0.9953744450747413
